{
  "WebSocket request-response Sampler" : {
    "transaction" : "WebSocket request-response Sampler",
    "sampleCount" : 100,
    "errorCount" : 100,
    "errorPct" : 100.0,
    "meanResTime" : 590.6499999999999,
    "medianResTime" : 538.5,
    "minResTime" : 449.0,
    "maxResTime" : 1463.0,
    "pct1ResTime" : 982.3000000000023,
    "pct2ResTime" : 1089.95,
    "pct3ResTime" : 1462.8799999999999,
    "throughput" : 60.132291040288635,
    "receivedKBytesPerSec" : 0.0,
    "sentKBytesPerSec" : 0.0
  },
  "Total" : {
    "transaction" : "Total",
    "sampleCount" : 100,
    "errorCount" : 100,
    "errorPct" : 100.0,
    "meanResTime" : 590.6499999999999,
    "medianResTime" : 538.5,
    "minResTime" : 449.0,
    "maxResTime" : 1463.0,
    "pct1ResTime" : 982.3000000000023,
    "pct2ResTime" : 1089.95,
    "pct3ResTime" : 1462.8799999999999,
    "throughput" : 60.132291040288635,
    "receivedKBytesPerSec" : 0.0,
    "sentKBytesPerSec" : 0.0
  }
}